{"merchant_category":"retail","real_total_commission":91843742,"simulated_total_commission":2.036937592900002E8,"real_avg_commission":20732.221670428895,"simulated_avg_commission":45980.53257110614,"delta_commission":1.118500172900002E8}
{"merchant_category":"entertainment","real_total_commission":93105719,"simulated_total_commission":2.0611901489999998E8,"real_avg_commission":20462.795384615383,"simulated_avg_commission":45300.88239560439,"delta_commission":1.1301329589999998E8}
{"merchant_category":"food_service","real_total_commission":93248092,"simulated_total_commission":2.0639050005E8,"real_avg_commission":20368.74006116208,"simulated_avg_commission":45083.11490825688,"delta_commission":1.1314240805000001E8}
{"merchant_category":"government","real_total_commission":94060443,"simulated_total_commission":2.0941729925000003E8,"real_avg_commission":20745.576312307014,"simulated_avg_commission":46188.20009925012,"delta_commission":1.1535685625000003E8}
{"merchant_category":"transportation","real_total_commission":93330522,"simulated_total_commission":2.0743620117E8,"real_avg_commission":20444.802190580504,"simulated_avg_commission":45440.569807228916,"delta_commission":1.1410567916999999E8}
